[
    {
        "id": 10,
        "maths": 30,
        "physics": 50,
        "chemistry": 60,
        "biology": 60,
        "english": 70
    }, 
    {
        "id": 11,
        "maths": 80,
        "physics": 80,
        "chemistry": 80,
        "biology": 80,
        "english": 80
    },
    {
        "id": 12,
        "maths": 90,
        "physics": 90,
        "chemistry": 90,
        "biology": 90,
        "english": 90
    },
    {
        "id": 13,
        "maths": 30,
        "physics": 30,
        "chemistry": 30,
        "biology": 30,
        "english": 30
    },
    {
        "id": 14,
        "maths": 30,
        "physics": 50,
        "chemistry": 60,
        "biology": 60,
        "english": 70
    }
] 